station_id,date,rain_mm,tmean_c
S01,2020-01-01,0.0,22.0
S01,2020-02-01,0.0,23.7
S01,2020-03-01,13.9,28.0
S01,2020-04-01,46.4,29.4
S01,2020-05-01,61.5,27.2
S01,2020-06-01,73.7,26.8
S01,2020-07-01,97.7,26.8
S01,2020-08-01,87.2,26.4
S01,2020-09-01,196.3,26.3
S01,2020-10-01,113.4,25.6
S01,2020-11-01,90.7,23.3
S01,2020-12-01,10.9,21.6
S01,2021-01-01,7.3,21.1
S01,2021-02-01,0.0,23.3
S01,2021-03-01,24.4,27.7
S01,2021-04-01,116.2,29.5
S01,2021-05-01,27.9,28.1
S01,2021-06-01,82.1,26.9
S01,2021-07-01,133.2,26.2
S01,2021-08-01,10.7,26.4
S01,2021-09-01,743.4,26.7
S01,2021-10-01,69.3,26.3
S01,2021-11-01,46.5,23.6
S01,2021-12-01,4.4,20.7
S01,2022-01-01,0.0,20.6
S01,2022-02-01,7.0,23.0
S01,2022-03-01,18.9,27.6
S01,2022-04-01,29.8,29.4
S01,2022-05-01,96.5,28.2
S01,2022-06-01,33.2,26.2
S01,2022-07-01,593.7,26.1
S01,2022-08-01,123.7,25.3
S01,2022-09-01,104.6,26.5
S01,2022-10-01,68.0,26.4
S01,2022-11-01,43.4,23.1
S01,2022-12-01,11.6,21.1
S01,2023-01-01,0.0,20.8
S01,2023-02-01,6.6,23.4
S01,2023-03-01,23.4,27.2
S01,2023-04-01,52.6,29.3
S01,2023-05-01,102.2,28.6
S01,2023-06-01,107.2,28.0
S01,2023-07-01,56.8,26.8
S01,2023-08-01,285.6,26.2
S01,2023-09-01,85.5,26.2
S01,2023-10-01,38.2,25.4
S01,2023-11-01,40.5,23.9
S01,2023-12-01,10.4,20.3
S01,2024-01-01,0.0,21.6
S01,2024-02-01,0.0,23.7
S01,2024-03-01,25.9,26.8
S01,2024-04-01,73.0,28.5
S01,2024-05-01,208.3,28.4
S01,2024-06-01,103.0,27.1
S01,2024-07-01,244.3,27.3
S01,2024-08-01,167.8,26.0
S01,2024-09-01,264.1,26.8
S01,2024-10-01,125.4,25.7
S01,2024-11-01,14.4,23.3
S01,2024-12-01,10.6,20.6
S02,2020-01-01,10.7,19.7
S02,2020-02-01,5.1,22.1
S02,2020-03-01,36.1,26.0
S02,2020-04-01,151.5,27.4
S02,2020-05-01,44.0,26.7
S02,2020-06-01,115.6,26.2
S02,2020-07-01,400.4,26.5
S02,2020-08-01,296.2,24.8
S02,2020-09-01,43.4,25.1
S02,2020-10-01,17.0,24.7
S02,2020-11-01,13.6,22.2
S02,2020-12-01,6.2,20.6
S02,2021-01-01,4.2,19.4
S02,2021-02-01,15.4,23.6
S02,2021-03-01,55.5,25.9
S02,2021-04-01,282.0,27.1
S02,2021-05-01,294.3,27.4
S02,2021-06-01,128.1,26.3
S02,2021-07-01,156.1,24.8
S02,2021-08-01,109.4,25.1
S02,2021-09-01,224.6,24.1
S02,2021-10-01,75.8,24.7
S02,2021-11-01,42.4,23.1
S02,2021-12-01,19.8,20.1
S02,2022-01-01,0.0,19.8
S02,2022-02-01,0.0,22.8
S02,2022-03-01,4.8,26.0
S02,2022-04-01,134.1,27.6
S02,2022-05-01,289.1,27.1
S02,2022-06-01,28.1,25.4
S02,2022-07-01,358.6,25.0
S02,2022-08-01,74.5,25.4
S02,2022-09-01,269.3,24.8
S02,2022-10-01,65.9,23.6
S02,2022-11-01,80.4,21.7
S02,2022-12-01,10.3,18.9
S02,2023-01-01,8.0,20.2
S02,2023-02-01,5.9,22.5
S02,2023-03-01,18.1,26.2
S02,2023-04-01,86.9,28.2
S02,2023-05-01,76.7,26.3
S02,2023-06-01,93.0,25.9
S02,2023-07-01,280.3,25.4
S02,2023-08-01,90.3,25.2
S02,2023-09-01,215.8,25.9
S02,2023-10-01,186.2,24.6
S02,2023-11-01,51.3,22.9
S02,2023-12-01,0.0,20.6
S02,2024-01-01,0.0,20.2
S02,2024-02-01,23.3,22.4
S02,2024-03-01,25.3,26.3
S02,2024-04-01,53.4,27.0
S02,2024-05-01,190.4,26.9
S02,2024-06-01,94.8,26.3
S02,2024-07-01,166.1,25.4
S02,2024-08-01,269.6,24.7
S02,2024-09-01,201.8,24.7
S02,2024-10-01,163.8,23.9
S02,2024-11-01,22.7,23.4
S02,2024-12-01,13.7,19.9
S03,2020-01-01,22.1,14.0
S03,2020-02-01,12.8,16.8
S03,2020-03-01,5.0,19.9
S03,2020-04-01,20.8,21.4
S03,2020-05-01,162.9,20.3
S03,2020-06-01,349.9,19.3
S03,2020-07-01,74.1,19.3
S03,2020-08-01,232.2,19.5
S03,2020-09-01,425.0,19.6
S03,2020-10-01,124.6,18.9
S03,2020-11-01,14.8,16.9
S03,2020-12-01,0.0,13.7
S03,2021-01-01,2.0,14.6
S03,2021-02-01,0.0,17.3
S03,2021-03-01,27.0,20.7
S03,2021-04-01,27.9,21.5
S03,2021-05-01,204.0,21.0
S03,2021-06-01,145.9,19.6
S03,2021-07-01,351.4,19.8
S03,2021-08-01,467.2,19.4
S03,2021-09-01,230.5,19.3
S03,2021-10-01,210.1,18.6
S03,2021-11-01,61.2,16.7
S03,2021-12-01,27.5,13.6
S03,2022-01-01,0.0,13.5
S03,2022-02-01,13.7,17.2
S03,2022-03-01,18.3,19.9
S03,2022-04-01,47.9,22.2
S03,2022-05-01,355.8,21.6
S03,2022-06-01,160.7,19.7
S03,2022-07-01,550.4,19.2
S03,2022-08-01,284.5,19.1
S03,2022-09-01,488.2,19.7
S03,2022-10-01,412.7,18.4
S03,2022-11-01,40.3,15.6
S03,2022-12-01,25.5,13.5
S03,2023-01-01,0.0,14.6
S03,2023-02-01,38.8,17.2
S03,2023-03-01,35.1,19.9
S03,2023-04-01,31.9,22.7
S03,2023-05-01,27.8,21.2
S03,2023-06-01,40.4,20.3
S03,2023-07-01,408.2,19.7
S03,2023-08-01,72.3,19.9
S03,2023-09-01,214.6,18.6
S03,2023-10-01,100.4,18.0
S03,2023-11-01,8.9,16.0
S03,2023-12-01,27.6,14.5
S03,2024-01-01,0.7,13.8
S03,2024-02-01,13.4,16.7
S03,2024-03-01,41.5,20.3
S03,2024-04-01,37.0,22.1
S03,2024-05-01,194.5,20.6
S03,2024-06-01,396.4,19.4
S03,2024-07-01,420.0,19.5
S03,2024-08-01,249.4,19.9
S03,2024-09-01,336.3,18.6
S03,2024-10-01,49.6,18.4
S03,2024-11-01,7.5,15.9
S03,2024-12-01,15.8,14.8
S04,2020-01-01,0.0,20.7
S04,2020-02-01,4.9,22.6
S04,2020-03-01,14.6,27.4
S04,2020-04-01,58.8,28.2
S04,2020-05-01,175.7,26.9
S04,2020-06-01,40.1,26.0
S04,2020-07-01,396.0,26.4
S04,2020-08-01,507.4,25.5
S04,2020-09-01,182.5,24.9
S04,2020-10-01,85.1,25.0
S04,2020-11-01,16.5,22.6
S04,2020-12-01,3.4,20.2
S04,2021-01-01,9.0,20.4
S04,2021-02-01,7.8,23.4
S04,2021-03-01,15.3,26.4
S04,2021-04-01,139.0,28.7
S04,2021-05-01,112.1,27.4
S04,2021-06-01,178.7,26.9
S04,2021-07-01,623.8,26.5
S04,2021-08-01,149.9,24.6
S04,2021-09-01,293.6,25.5
S04,2021-10-01,18.1,24.4
S04,2021-11-01,59.3,22.9
S04,2021-12-01,11.9,20.2
S04,2022-01-01,2.1,20.3
S04,2022-02-01,0.0,24.1
S04,2022-03-01,15.7,26.6
S04,2022-04-01,48.7,27.9
S04,2022-05-01,576.6,27.9
S04,2022-06-01,321.6,25.7
S04,2022-07-01,552.4,26.5
S04,2022-08-01,202.8,26.9
S04,2022-09-01,288.6,25.8
S04,2022-10-01,199.0,25.9
S04,2022-11-01,80.1,23.6
S04,2022-12-01,0.0,20.9
S04,2023-01-01,3.3,21.2
S04,2023-02-01,4.6,23.7
S04,2023-03-01,16.1,26.7
S04,2023-04-01,23.8,29.0
S04,2023-05-01,214.0,27.1
S04,2023-06-01,28.4,26.6
S04,2023-07-01,139.9,26.2
S04,2023-08-01,186.1,25.7
S04,2023-09-01,228.7,25.6
S04,2023-10-01,82.2,25.3
S04,2023-11-01,49.1,23.5
S04,2023-12-01,13.0,21.2
S04,2024-01-01,6.7,20.5
S04,2024-02-01,8.3,24.2
S04,2024-03-01,44.9,26.7
S04,2024-04-01,102.9,28.8
S04,2024-05-01,188.9,27.6
S04,2024-06-01,323.8,25.7
S04,2024-07-01,56.4,26.8
S04,2024-08-01,85.3,25.4
S04,2024-09-01,234.0,25.4
S04,2024-10-01,74.8,26.4
S04,2024-11-01,72.1,22.7
S04,2024-12-01,0.0,20.3
S05,2020-01-01,4.1,20.8
S05,2020-02-01,0.0,23.2
S05,2020-03-01,39.9,27.5
S05,2020-04-01,71.4,29.4
S05,2020-05-01,104.1,27.7
S05,2020-06-01,102.8,26.6
S05,2020-07-01,38.5,26.8
S05,2020-08-01,70.6,25.9
S05,2020-09-01,324.4,25.6
S05,2020-10-01,163.8,25.1
S05,2020-11-01,49.5,22.9
S05,2020-12-01,0.0,21.1
S05,2021-01-01,12.1,21.7
S05,2021-02-01,9.1,23.3
S05,2021-03-01,17.1,27.2
S05,2021-04-01,96.1,28.4
S05,2021-05-01,302.3,28.2
S05,2021-06-01,64.7,26.7
S05,2021-07-01,294.9,25.6
S05,2021-08-01,115.4,26.7
S05,2021-09-01,545.1,26.7
S05,2021-10-01,54.5,26.2
S05,2021-11-01,19.3,23.5
S05,2021-12-01,10.8,21.7
S05,2022-01-01,0.0,20.7
S05,2022-02-01,1.6,23.3
S05,2022-03-01,4.7,26.3
S05,2022-04-01,30.3,28.2
S05,2022-05-01,193.6,27.6
S05,2022-06-01,432.8,26.9
S05,2022-07-01,172.5,26.3
S05,2022-08-01,587.9,25.7
S05,2022-09-01,178.1,26.1
S05,2022-10-01,85.1,25.3
S05,2022-11-01,22.4,22.4
S05,2022-12-01,42.3,20.8
S05,2023-01-01,0.0,20.1
S05,2023-02-01,0.0,23.5
S05,2023-03-01,48.3,27.3
S05,2023-04-01,70.6,28.9
S05,2023-05-01,300.3,27.8
S05,2023-06-01,61.8,25.7
S05,2023-07-01,72.4,26.8
S05,2023-08-01,359.0,26.0
S05,2023-09-01,346.7,26.4
S05,2023-10-01,118.5,24.2
S05,2023-11-01,36.8,22.9
S05,2023-12-01,25.1,20.0
S05,2024-01-01,34.5,21.3
S05,2024-02-01,6.1,24.2
S05,2024-03-01,26.3,26.6
S05,2024-04-01,77.7,28.9
S05,2024-05-01,64.2,27.5
S05,2024-06-01,27.3,27.0
S05,2024-07-01,120.2,26.5
S05,2024-08-01,318.0,27.3
S05,2024-09-01,941.8,26.0
S05,2024-10-01,121.1,25.7
S05,2024-11-01,40.8,23.0
S05,2024-12-01,0.0,20.9
S06,2020-01-01,4.5,21.5
S06,2020-02-01,8.6,23.8
S06,2020-03-01,1.8,26.5
S06,2020-04-01,38.3,29.4
S06,2020-05-01,232.2,28.2
S06,2020-06-01,15.0,27.7
S06,2020-07-01,45.9,27.1
S06,2020-08-01,244.6,27.4
S06,2020-09-01,209.1,25.9
S06,2020-10-01,62.6,26.0
S06,2020-11-01,1.8,24.3
S06,2020-12-01,0.0,22.0
S06,2021-01-01,0.0,21.8
S06,2021-02-01,0.0,23.8
S06,2021-03-01,37.5,26.7
S06,2021-04-01,61.6,29.5
S06,2021-05-01,334.7,28.3
S06,2021-06-01,175.2,27.0
S06,2021-07-01,56.3,26.2
S06,2021-08-01,359.8,27.2
S06,2021-09-01,169.8,25.9
S06,2021-10-01,126.3,26.0
S06,2021-11-01,10.3,23.5
S06,2021-12-01,5.2,21.2
S06,2022-01-01,4.0,22.0
S06,2022-02-01,10.5,24.5
S06,2022-03-01,12.4,27.7
S06,2022-04-01,59.7,29.7
S06,2022-05-01,62.6,28.6
S06,2022-06-01,,27.4
S06,2022-07-01,107.2,27.3
S06,2022-08-01,890.7,26.3
S06,2022-09-01,147.6,26.8
S06,2022-10-01,68.4,25.9
S06,2022-11-01,29.8,24.0
S06,2022-12-01,0.0,21.4
S06,2023-01-01,2.0,21.7
S06,2023-02-01,11.2,23.7
S06,2023-03-01,8.6,26.8
S06,2023-04-01,23.2,29.2
S06,2023-05-01,57.9,29.3
S06,2023-06-01,78.7,27.1
S06,2023-07-01,194.5,26.2
S06,2023-08-01,101.4,26.4
S06,2023-09-01,,27.0
S06,2023-10-01,115.7,25.8
S06,2023-11-01,22.5,23.1
S06,2023-12-01,0.0,21.9
S06,2024-01-01,0.0,20.8
S06,2024-02-01,16.3,24.1
S06,2024-03-01,33.1,26.7
S06,2024-04-01,100.7,29.4
S06,2024-05-01,153.9,28.5
S06,2024-06-01,193.0,26.7
S06,2024-07-01,143.7,26.7
S06,2024-08-01,21.6,26.6
S06,2024-09-01,,26.8
S06,2024-10-01,46.7,25.9
S06,2024-11-01,27.9,23.1
S06,2024-12-01,6.1,21.2
S07,2020-01-01,0.0,21.3
S07,2020-02-01,4.1,23.6
S07,2020-03-01,45.3,27.2
S07,2020-04-01,18.5,29.5
S07,2020-05-01,68.8,28.3
S07,2020-06-01,92.3,28.1
S07,2020-07-01,139.3,27.4
S07,2020-08-01,94.8,27.2
S07,2020-09-01,71.2,26.6
S07,2020-10-01,8.6,26.9
S07,2020-11-01,13.0,23.4
S07,2020-12-01,0.0,21.7
S07,2021-01-01,5.6,21.3
S07,2021-02-01,1.3,24.5
S07,2021-03-01,26.9,28.4
S07,2021-04-01,181.8,30.7
S07,2021-05-01,99.0,28.9
S07,2021-06-01,66.6,27.5
S07,2021-07-01,158.6,27.5
S07,2021-08-01,147.1,26.5
S07,2021-09-01,253.6,26.7
S07,2021-10-01,40.3,26.6
S07,2021-11-01,109.7,23.8
S07,2021-12-01,3.2,21.5
S07,2022-01-01,0.0,21.0
S07,2022-02-01,5.0,24.9
S07,2022-03-01,51.2,27.2
S07,2022-04-01,149.9,30.5
S07,2022-05-01,52.1,29.2
S07,2022-06-01,155.0,27.6
S07,2022-07-01,50.0,26.6
S07,2022-08-01,390.7,27.4
S07,2022-09-01,411.8,27.0
S07,2022-10-01,36.6,26.5
S07,2022-11-01,82.9,24.9
S07,2022-12-01,14.7,21.6
S07,2023-01-01,6.8,22.4
S07,2023-02-01,6.4,24.1
S07,2023-03-01,15.9,27.9
S07,2023-04-01,34.9,29.2
S07,2023-05-01,127.0,29.3
S07,2023-06-01,75.4,27.7
S07,2023-07-01,163.2,26.4
S07,2023-08-01,67.4,27.3
S07,2023-09-01,226.3,26.6
S07,2023-10-01,144.2,26.3
S07,2023-11-01,49.3,24.0
S07,2023-12-01,3.1,21.1
S07,2024-01-01,0.0,22.2
S07,2024-02-01,2.4,24.3
S07,2024-03-01,,28.3
S07,2024-04-01,138.0,30.0
S07,2024-05-01,83.3,28.7
S07,2024-06-01,106.6,28.0
S07,2024-07-01,84.5,27.5
S07,2024-08-01,104.1,27.3
S07,2024-09-01,261.2,28.1
S07,2024-10-01,37.9,26.2
S07,2024-11-01,33.4,24.3
S07,2024-12-01,13.1,22.2
S08,2020-01-01,6.5,21.5
S08,2020-02-01,4.6,24.2
S08,2020-03-01,22.4,27.9
S08,2020-04-01,76.3,29.5
S08,2020-05-01,202.0,28.5
S08,2020-06-01,48.1,26.5
S08,2020-07-01,588.3,26.4
S08,2020-08-01,398.1,26.6
S08,2020-09-01,322.8,27.3
S08,2020-10-01,43.8,25.6
S08,2020-11-01,16.0,22.6
S08,2020-12-01,24.1,21.6
S08,2021-01-01,0.0,21.4
S08,2021-02-01,7.7,24.5
S08,2021-03-01,14.8,27.3
S08,2021-04-01,29.7,30.3
S08,2021-05-01,314.4,28.0
S08,2021-06-01,163.1,27.3
S08,2021-07-01,133.1,27.6
S08,2021-08-01,205.2,26.6
S08,2021-09-01,67.5,27.0
S08,2021-10-01,53.4,26.2
S08,2021-11-01,26.8,23.8
S08,2021-12-01,6.4,20.8
S08,2022-01-01,1.3,21.5
S08,2022-02-01,0.0,23.6
S08,2022-03-01,54.1,27.8
S08,2022-04-01,77.9,30.0
S08,2022-05-01,228.8,28.0
S08,2022-06-01,169.3,28.2
S08,2022-07-01,128.3,27.6
S08,2022-08-01,252.9,27.2
S08,2022-09-01,226.2,27.9
S08,2022-10-01,100.4,25.7
S08,2022-11-01,36.2,24.7
S08,2022-12-01,0.0,21.3
S08,2023-01-01,5.8,22.3
S08,2023-02-01,0.0,23.1
S08,2023-03-01,21.7,27.0
S08,2023-04-01,34.7,29.0
S08,2023-05-01,122.2,28.0
S08,2023-06-01,284.1,28.0
S08,2023-07-01,61.9,26.6
S08,2023-08-01,122.6,25.8
S08,2023-09-01,7.9,26.8
S08,2023-10-01,64.3,25.5
S08,2023-11-01,20.4,23.5
S08,2023-12-01,5.3,22.0
S08,2024-01-01,2.6,21.9
S08,2024-02-01,32.1,24.3
S08,2024-03-01,24.0,27.6
S08,2024-04-01,165.3,29.9
S08,2024-05-01,210.3,28.6
S08,2024-06-01,45.4,27.2
S08,2024-07-01,259.9,26.7
S08,2024-08-01,276.1,26.0
S08,2024-09-01,864.9,27.3
S08,2024-10-01,28.1,25.3
S08,2024-11-01,23.2,24.0
S08,2024-12-01,10.2,23.0
S09,2020-01-01,18.3,22.1
S09,2020-02-01,6.5,23.8
S09,2020-03-01,15.3,27.9
S09,2020-04-01,190.9,29.5
S09,2020-05-01,102.9,29.1
S09,2020-06-01,56.1,28.1
S09,2020-07-01,194.4,27.9
S09,2020-08-01,189.5,26.9
S09,2020-09-01,126.5,27.7
S09,2020-10-01,10.4,25.9
S09,2020-11-01,29.2,24.7
S09,2020-12-01,8.1,22.0
S09,2021-01-01,11.2,22.2
S09,2021-02-01,0.0,24.5
S09,2021-03-01,56.7,28.2
S09,2021-04-01,69.6,30.2
S09,2021-05-01,160.0,29.8
S09,2021-06-01,27.2,27.3
S09,2021-07-01,294.6,26.8
S09,2021-08-01,60.0,27.5
S09,2021-09-01,176.9,27.3
S09,2021-10-01,212.2,26.1
S09,2021-11-01,26.1,24.8
S09,2021-12-01,9.8,22.1
S09,2022-01-01,0.0,22.0
S09,2022-02-01,7.1,25.8
S09,2022-03-01,8.9,27.8
S09,2022-04-01,93.3,30.6
S09,2022-05-01,166.2,28.9
S09,2022-06-01,101.6,28.3
S09,2022-07-01,264.6,27.4
S09,2022-08-01,,27.2
S09,2022-09-01,227.7,27.3
S09,2022-10-01,187.7,26.0
S09,2022-11-01,5.5,24.4
S09,2022-12-01,0.0,22.3
S09,2023-01-01,0.0,22.2
S09,2023-02-01,0.0,23.7
S09,2023-03-01,16.6,28.2
S09,2023-04-01,12.4,30.1
S09,2023-05-01,20.9,29.0
S09,2023-06-01,34.3,27.4
S09,2023-07-01,456.2,27.1
S09,2023-08-01,144.3,27.6
S09,2023-09-01,18.6,27.0
S09,2023-10-01,159.3,26.5
S09,2023-11-01,18.2,24.0
S09,2023-12-01,2.8,22.5
S09,2024-01-01,8.2,21.7
S09,2024-02-01,5.2,25.3
S09,2024-03-01,47.4,27.6
S09,2024-04-01,121.6,31.1
S09,2024-05-01,203.2,29.7
S09,2024-06-01,62.0,27.7
S09,2024-07-01,115.2,27.2
S09,2024-08-01,520.4,27.5
S09,2024-09-01,86.9,27.3
S09,2024-10-01,57.6,26.2
S09,2024-11-01,13.5,23.6
S09,2024-12-01,4.3,21.5
S10,2020-01-01,7.4,21.5
S10,2020-02-01,5.5,24.0
S10,2020-03-01,57.8,26.8
S10,2020-04-01,59.5,28.9
S10,2020-05-01,67.6,27.2
S10,2020-06-01,117.8,26.4
S10,2020-07-01,15.4,26.9
S10,2020-08-01,263.3,27.2
S10,2020-09-01,235.2,26.5
S10,2020-10-01,66.5,25.8
S10,2020-11-01,45.0,23.9
S10,2020-12-01,5.2,20.9
S10,2021-01-01,0.0,21.8
S10,2021-02-01,0.0,24.1
S10,2021-03-01,23.3,27.2
S10,2021-04-01,22.0,28.8
S10,2021-05-01,194.2,29.1
S10,2021-06-01,252.3,26.5
S10,2021-07-01,137.0,27.4
S10,2021-08-01,564.8,27.3
S10,2021-09-01,134.1,26.7
S10,2021-10-01,65.6,25.4
S10,2021-11-01,2.9,23.0
S10,2021-12-01,13.2,21.3
S10,2022-01-01,6.0,20.5
S10,2022-02-01,20.4,23.5
S10,2022-03-01,29.6,27.0
S10,2022-04-01,49.3,28.9
S10,2022-05-01,208.0,27.4
S10,2022-06-01,196.3,28.7
S10,2022-07-01,409.4,27.0
S10,2022-08-01,261.7,26.3
S10,2022-09-01,322.1,25.3
S10,2022-10-01,34.4,25.5
S10,2022-11-01,48.9,24.0
S10,2022-12-01,5.2,22.2
S10,2023-01-01,0.0,20.9
S10,2023-02-01,24.5,24.0
S10,2023-03-01,14.2,26.0
S10,2023-04-01,46.1,29.5
S10,2023-05-01,42.6,28.6
S10,2023-06-01,242.5,27.6
S10,2023-07-01,274.5,25.5
S10,2023-08-01,147.7,26.9
S10,2023-09-01,113.7,26.8
S10,2023-10-01,125.8,25.8
S10,2023-11-01,21.1,23.7
S10,2023-12-01,9.0,21.4
S10,2024-01-01,12.2,21.3
S10,2024-02-01,0.0,24.1
S10,2024-03-01,19.7,27.3
S10,2024-04-01,125.0,29.0
S10,2024-05-01,425.7,28.6
S10,2024-06-01,65.7,27.1
S10,2024-07-01,538.9,26.7
S10,2024-08-01,354.0,26.9
S10,2024-09-01,22.7,26.1
S10,2024-10-01,241.5,26.3
S10,2024-11-01,28.5,24.4
S10,2024-12-01,4.9,20.6
S11,2020-01-01,9.7,20.4
S11,2020-02-01,0.0,22.5
S11,2020-03-01,18.2,26.1
S11,2020-04-01,15.9,28.3
S11,2020-05-01,83.5,28.0
S11,2020-06-01,217.2,27.2
S11,2020-07-01,66.1,26.8
S11,2020-08-01,9.2,25.9
S11,2020-09-01,295.1,25.4
S11,2020-10-01,72.2,24.6
S11,2020-11-01,16.1,23.5
S11,2020-12-01,0.0,20.9
S11,2021-01-01,0.0,20.7
S11,2021-02-01,11.9,23.5
S11,2021-03-01,8.8,26.6
S11,2021-04-01,46.0,28.0
S11,2021-05-01,200.7,27.9
S11,2021-06-01,479.9,26.3
S11,2021-07-01,391.7,25.6
S11,2021-08-01,32.7,25.8
S11,2021-09-01,134.6,25.4
S11,2021-10-01,130.3,25.0
S11,2021-11-01,23.4,23.5
S11,2021-12-01,1.4,20.2
S11,2022-01-01,51.8,21.4
S11,2022-02-01,0.9,22.3
S11,2022-03-01,47.1,27.0
S11,2022-04-01,51.9,29.1
S11,2022-05-01,154.3,28.1
S11,2022-06-01,35.8,26.3
S11,2022-07-01,839.0,25.9
S11,2022-08-01,115.5,26.1
S11,2022-09-01,317.0,26.0
S11,2022-10-01,280.2,24.9
S11,2022-11-01,9.4,23.0
S11,2022-12-01,7.7,21.1
S11,2023-01-01,7.0,20.6
S11,2023-02-01,39.5,22.5
S11,2023-03-01,27.7,26.9
S11,2023-04-01,40.9,28.4
S11,2023-05-01,30.4,27.1
S11,2023-06-01,110.2,26.5
S11,2023-07-01,85.7,25.5
S11,2023-08-01,215.4,26.4
S11,2023-09-01,516.5,26.3
S11,2023-10-01,139.9,25.5
S11,2023-11-01,36.4,23.1
S11,2023-12-01,5.5,20.7
S11,2024-01-01,0.0,20.6
S11,2024-02-01,0.0,23.3
S11,2024-03-01,10.2,26.4
S11,2024-04-01,189.9,28.1
S11,2024-05-01,486.7,28.0
S11,2024-06-01,226.8,26.4
S11,2024-07-01,39.8,25.9
S11,2024-08-01,107.9,25.7
S11,2024-09-01,207.3,26.1
S11,2024-10-01,89.5,24.4
S11,2024-11-01,113.7,23.1
S11,2024-12-01,18.7,20.3
S12,2020-01-01,0.0,22.2
S12,2020-02-01,10.0,24.0
S12,2020-03-01,29.3,28.0
S12,2020-04-01,52.3,30.3
S12,2020-05-01,8.7,29.2
S12,2020-06-01,176.3,29.3
S12,2020-07-01,88.2,27.3
S12,2020-08-01,196.2,27.8
S12,2020-09-01,24.6,26.9
S12,2020-10-01,85.7,26.5
S12,2020-11-01,72.8,25.0
S12,2020-12-01,16.1,21.8
S12,2021-01-01,3.6,21.1
S12,2021-02-01,14.7,24.8
S12,2021-03-01,14.3,28.0
S12,2021-04-01,21.1,30.6
S12,2021-05-01,74.1,28.8
S12,2021-06-01,13.4,27.9
S12,2021-07-01,39.0,27.7
S12,2021-08-01,265.8,27.5
S12,2021-09-01,213.3,27.0
S12,2021-10-01,261.6,26.4
S12,2021-11-01,53.2,24.6
S12,2021-12-01,0.0,22.3
S12,2022-01-01,0.0,22.4
S12,2022-02-01,23.7,23.8
S12,2022-03-01,51.6,28.5
S12,2022-04-01,13.1,29.3
S12,2022-05-01,206.1,29.9
S12,2022-06-01,210.5,28.6
S12,2022-07-01,173.2,27.7
S12,2022-08-01,244.7,27.2
S12,2022-09-01,292.1,27.6
S12,2022-10-01,109.3,26.3
S12,2022-11-01,22.8,24.0
S12,2022-12-01,7.6,22.1
S12,2023-01-01,0.0,21.3
S12,2023-02-01,25.4,24.3
S12,2023-03-01,,28.0
S12,2023-04-01,22.1,29.8
S12,2023-05-01,25.2,28.5
S12,2023-06-01,269.9,26.9
S12,2023-07-01,291.9,27.5
S12,2023-08-01,193.5,27.4
S12,2023-09-01,257.9,27.1
S12,2023-10-01,13.6,26.4
S12,2023-11-01,5.1,24.1
S12,2023-12-01,7.6,21.7
S12,2024-01-01,5.6,22.6
S12,2024-02-01,0.0,25.0
S12,2024-03-01,22.7,27.4
S12,2024-04-01,41.0,30.3
S12,2024-05-01,56.9,29.0
S12,2024-06-01,59.5,27.9
S12,2024-07-01,247.2,28.2
S12,2024-08-01,232.1,28.1
S12,2024-09-01,167.9,27.1
S12,2024-10-01,117.0,26.0
S12,2024-11-01,11.4,24.8
S12,2024-12-01,4.2,22.6
S13,2020-01-01,1.3,22.4
S13,2020-02-01,0.0,24.2
S13,2020-03-01,25.1,27.5
S13,2020-04-01,20.9,29.9
S13,2020-05-01,36.0,29.3
S13,2020-06-01,51.6,27.7
S13,2020-07-01,19.3,27.1
S13,2020-08-01,557.9,26.9
S13,2020-09-01,27.1,27.9
S13,2020-10-01,148.5,26.4
S13,2020-11-01,12.7,24.7
S13,2020-12-01,0.0,22.2
S13,2021-01-01,12.8,22.7
S13,2021-02-01,0.0,24.5
S13,2021-03-01,10.0,27.1
S13,2021-04-01,44.3,29.7
S13,2021-05-01,220.1,28.6
S13,2021-06-01,186.5,27.4
S13,2021-07-01,353.0,27.0
S13,2021-08-01,45.2,26.8
S13,2021-09-01,175.3,28.0
S13,2021-10-01,26.3,25.8
S13,2021-11-01,6.8,24.3
S13,2021-12-01,,21.8
S13,2022-01-01,0.0,22.4
S13,2022-02-01,14.5,23.8
S13,2022-03-01,24.7,28.1
S13,2022-04-01,61.6,29.9
S13,2022-05-01,202.9,28.6
S13,2022-06-01,398.8,28.2
S13,2022-07-01,888.7,27.9
S13,2022-08-01,543.4,28.4
S13,2022-09-01,160.6,28.0
S13,2022-10-01,158.4,26.0
S13,2022-11-01,220.8,24.1
S13,2022-12-01,12.3,21.3
S13,2023-01-01,2.5,21.2
S13,2023-02-01,6.0,23.9
S13,2023-03-01,16.8,27.6
S13,2023-04-01,110.5,30.3
S13,2023-05-01,44.3,28.2
S13,2023-06-01,,28.6
S13,2023-07-01,194.2,27.3
S13,2023-08-01,165.9,26.9
S13,2023-09-01,276.6,27.2
S13,2023-10-01,83.6,26.1
S13,2023-11-01,37.3,23.0
S13,2023-12-01,11.2,22.1
S13,2024-01-01,0.0,21.7
S13,2024-02-01,18.4,23.8
S13,2024-03-01,24.0,28.0
S13,2024-04-01,90.4,30.5
S13,2024-05-01,493.9,28.2
S13,2024-06-01,143.8,27.7
S13,2024-07-01,209.9,27.7
S13,2024-08-01,437.6,26.7
S13,2024-09-01,83.9,26.5
S13,2024-10-01,206.7,26.4
S13,2024-11-01,42.3,23.8
S13,2024-12-01,10.8,21.6
S14,2020-01-01,0.0,21.5
S14,2020-02-01,0.0,23.5
S14,2020-03-01,11.7,27.3
S14,2020-04-01,34.9,29.7
S14,2020-05-01,230.0,28.4
S14,2020-06-01,179.2,27.9
S14,2020-07-01,176.5,26.1
S14,2020-08-01,230.6,27.2
S14,2020-09-01,241.1,27.2
S14,2020-10-01,139.4,26.2
S14,2020-11-01,19.0,24.1
S14,2020-12-01,0.0,21.0
S14,2021-01-01,0.0,22.1
S14,2021-02-01,19.8,23.7
S14,2021-03-01,24.0,27.6
S14,2021-04-01,215.2,30.2
S14,2021-05-01,151.2,28.4
S14,2021-06-01,159.3,27.8
S14,2021-07-01,58.6,26.7
S14,2021-08-01,210.8,27.2
S14,2021-09-01,49.2,27.7
S14,2021-10-01,94.9,26.5
S14,2021-11-01,31.9,24.0
S14,2021-12-01,25.5,21.3
S14,2022-01-01,13.4,21.1
S14,2022-02-01,1.5,24.4
S14,2022-03-01,19.7,28.2
S14,2022-04-01,245.3,29.0
S14,2022-05-01,,27.8
S14,2022-06-01,167.1,28.6
S14,2022-07-01,622.6,27.2
S14,2022-08-01,195.4,27.4
S14,2022-09-01,273.1,26.4
S14,2022-10-01,99.2,26.2
S14,2022-11-01,11.2,24.0
S14,2022-12-01,17.7,21.9
S14,2023-01-01,0.0,21.0
S14,2023-02-01,0.0,24.0
S14,2023-03-01,28.1,27.2
S14,2023-04-01,76.5,29.9
S14,2023-05-01,51.9,29.3
S14,2023-06-01,286.5,27.6
S14,2023-07-01,644.3,26.9
S14,2023-08-01,180.3,27.2
S14,2023-09-01,253.9,27.1
S14,2023-10-01,285.8,25.6
S14,2023-11-01,31.1,23.6
S14,2023-12-01,0.0,21.5
S14,2024-01-01,28.5,21.6
S14,2024-02-01,0.0,24.3
S14,2024-03-01,37.9,28.1
S14,2024-04-01,52.2,30.3
S14,2024-05-01,252.5,28.4
S14,2024-06-01,123.4,29.1
S14,2024-07-01,137.1,27.3
S14,2024-08-01,211.3,25.9
S14,2024-09-01,843.1,27.2
S14,2024-10-01,115.9,26.4
S14,2024-11-01,28.3,23.5
S14,2024-12-01,7.6,21.5
S15,2020-01-01,8.5,21.1
S15,2020-02-01,0.0,23.6
S15,2020-03-01,23.7,27.6
S15,2020-04-01,96.2,29.4
S15,2020-05-01,146.9,28.4
S15,2020-06-01,305.9,26.4
S15,2020-07-01,16.3,27.7
S15,2020-08-01,304.3,26.6
S15,2020-09-01,229.9,27.4
S15,2020-10-01,116.9,26.8
S15,2020-11-01,14.1,23.6
S15,2020-12-01,16.0,21.2
S15,2021-01-01,14.3,21.4
S15,2021-02-01,7.8,24.2
S15,2021-03-01,42.7,27.7
S15,2021-04-01,35.9,29.4
S15,2021-05-01,165.8,29.8
S15,2021-06-01,42.0,27.6
S15,2021-07-01,145.0,26.2
S15,2021-08-01,79.3,26.8
S15,2021-09-01,245.9,26.2
S15,2021-10-01,34.0,27.6
S15,2021-11-01,115.6,23.6
S15,2021-12-01,8.6,21.5
S15,2022-01-01,16.5,22.1
S15,2022-02-01,0.0,23.5
S15,2022-03-01,37.1,28.1
S15,2022-04-01,18.2,29.9
S15,2022-05-01,153.0,27.1
S15,2022-06-01,138.4,27.3
S15,2022-07-01,500.7,27.2
S15,2022-08-01,173.5,27.5
S15,2022-09-01,180.7,26.1
S15,2022-10-01,61.6,26.4
S15,2022-11-01,,23.4
S15,2022-12-01,0.0,21.6
S15,2023-01-01,12.6,22.3
S15,2023-02-01,0.0,24.1
S15,2023-03-01,18.7,26.8
S15,2023-04-01,123.4,29.3
S15,2023-05-01,79.2,28.5
S15,2023-06-01,225.5,26.5
S15,2023-07-01,23.9,27.3
S15,2023-08-01,297.2,26.9
S15,2023-09-01,167.2,27.4
S15,2023-10-01,172.6,26.0
S15,2023-11-01,65.1,23.9
S15,2023-12-01,8.3,22.0
S15,2024-01-01,0.0,20.6
S15,2024-02-01,21.9,24.6
S15,2024-03-01,18.4,27.4
S15,2024-04-01,206.2,30.1
S15,2024-05-01,150.0,28.4
S15,2024-06-01,101.0,26.9
S15,2024-07-01,202.2,26.7
S15,2024-08-01,82.2,27.1
S15,2024-09-01,446.7,27.6
S15,2024-10-01,26.7,26.3
S15,2024-11-01,132.9,23.7
S15,2024-12-01,0.0,21.6
S16,2020-01-01,6.7,22.2
S16,2020-02-01,29.1,25.2
S16,2020-03-01,12.5,29.1
S16,2020-04-01,52.3,30.9
S16,2020-05-01,188.6,29.3
S16,2020-06-01,33.9,28.1
S16,2020-07-01,108.9,28.3
S16,2020-08-01,267.8,26.8
S16,2020-09-01,56.1,28.1
S16,2020-10-01,104.2,27.2
S16,2020-11-01,65.1,25.4
S16,2020-12-01,0.0,23.2
S16,2021-01-01,10.3,22.3
S16,2021-02-01,0.0,25.2
S16,2021-03-01,22.3,28.7
S16,2021-04-01,138.8,30.9
S16,2021-05-01,139.2,29.7
S16,2021-06-01,139.1,28.8
S16,2021-07-01,151.8,27.5
S16,2021-08-01,178.9,28.4
S16,2021-09-01,398.3,27.7
S16,2021-10-01,221.1,27.8
S16,2021-11-01,49.7,25.4
S16,2021-12-01,27.4,22.9
S16,2022-01-01,1.4,22.8
S16,2022-02-01,0.0,24.8
S16,2022-03-01,24.3,29.3
S16,2022-04-01,93.4,30.5
S16,2022-05-01,62.4,30.3
S16,2022-06-01,296.1,29.6
S16,2022-07-01,627.1,27.7
S16,2022-08-01,573.6,27.7
S16,2022-09-01,142.1,28.3
S16,2022-10-01,43.0,27.9
S16,2022-11-01,43.5,25.3
S16,2022-12-01,7.0,23.3
S16,2023-01-01,0.0,21.9
S16,2023-02-01,11.7,24.7
S16,2023-03-01,26.3,28.2
S16,2023-04-01,33.5,30.5
S16,2023-05-01,71.9,30.1
S16,2023-06-01,197.0,29.0
S16,2023-07-01,,28.1
S16,2023-08-01,100.0,28.0
S16,2023-09-01,93.3,27.7
S16,2023-10-01,10.2,28.3
S16,2023-11-01,29.4,25.3
S16,2023-12-01,8.6,22.2
S16,2024-01-01,11.0,22.4
S16,2024-02-01,0.0,25.8
S16,2024-03-01,30.9,27.3
S16,2024-04-01,28.6,30.7
S16,2024-05-01,179.4,29.8
S16,2024-06-01,88.5,28.4
S16,2024-07-01,45.6,28.8
S16,2024-08-01,71.8,28.1
S16,2024-09-01,,28.4
S16,2024-10-01,20.6,26.6
S16,2024-11-01,57.6,25.3
S16,2024-12-01,8.9,22.5
